{
  "hash": "34243a42",
  "browserHash": "20a45eae",
  "optimized": {
    "react": {
      "src": "../../node_modules/react/index.js",
      "file": "react.js",
      "fileHash": "8d833f27",
      "needsInterop": true
    },
    "react-dom/client": {
      "src": "../../node_modules/react-dom/client.js",
      "file": "react-dom_client.js",
      "fileHash": "c96ef84f",
      "needsInterop": true
    },
    "react-router-dom": {
      "src": "../../node_modules/react-router-dom/dist/index.js",
      "file": "react-router-dom.js",
      "fileHash": "00ddf403",
      "needsInterop": false
    },
    "@mui/material/Button": {
      "src": "../../node_modules/@mui/material/Button/index.js",
      "file": "@mui_material_Button.js",
      "fileHash": "ca531b74",
      "needsInterop": false
    },
    "bootstrap/js/dist/dropdown": {
      "src": "../../node_modules/bootstrap/js/dist/dropdown.js",
      "file": "bootstrap_js_dist_dropdown.js",
      "fileHash": "0bb022d0",
      "needsInterop": true
    },
    "@mui/material/Box": {
      "src": "../../node_modules/@mui/material/Box/index.js",
      "file": "@mui_material_Box.js",
      "fileHash": "7f9528c4",
      "needsInterop": false
    }
  },
  "chunks": {
    "chunk-WHW3OM2Z": {
      "file": "chunk-WHW3OM2Z.js"
    },
    "chunk-OTY6O57J": {
      "file": "chunk-OTY6O57J.js"
    },
    "chunk-2PA4WPI3": {
      "file": "chunk-2PA4WPI3.js"
    },
    "chunk-ROME4SDB": {
      "file": "chunk-ROME4SDB.js"
    }
  }
}